lag,corr
-3,0.42363542465486664
-2,0.590114345717385
-1,0.6839951130592469
0,0.7477644513395044
1,0.7051092607717824
2,0.4799533399521365
3,0.3820668121506153
