lag,corr
-3,0.1280241413865252
-2,0.060027733841449146
-1,0.33886641563041325
0,0.6078446843920703
1,0.5126652855985352
2,0.4103518974075496
3,0.29851511813815323
